Component,User-facing function,Educational or methodological purpose,Reproducibility contribution
Guided decision path,"Sequential questions about goal, variables, measurement, design, dependence, and conditions","Makes methodological decisions explicit","Keeps a visible and revisable path"
Direct test search,"Search suggestions and automatic reconstruction of the corresponding path","Supports users who know a possible test while exposing its requirements","Makes a search choice auditable against the decision logic"
Recommendation and rationale,"Named analysis plus concise justification","Links the method to the research question","Supplies a checkable analysis justification"
Expandable assumptions,"Clickable detailed explanation for each assumption","Explains meaning, checks, and possible responses to violations","Provides a reviewed assumption record"
Applied scenarios,"Psychology and sport-science examples","Supports transfer from terminology to research situations","Provides reusable teaching and verification cases"
Example dataset,"Downloadable CSV for the selected analysis","Enables immediate hands-on practice","Uses the same data for jamovi and R"
jamovi workflow,"Menu/module instructions and available screenshot","Bridges test selection to a graphical analysis environment","Records the intended software route"
R workflow,"Endpoint code plus an R Markdown compendium","Supports progression to scriptable analysis","Makes models and package use rerunnable"
Effect-size guidance,"Common measure and interpretation note","Emphasizes magnitude and uncertainty","Prompts consistent effect extraction and reporting"
APA-style report,"Model sentence with normally required statistics","Connects output to scientific writing","Acts as a reporting checklist"
Multilingual interface,"English, German, French, Spanish, and Italian","Reduces language barriers","Preserves common identifiers and logic across translations"
Static overview PDFs,"Compact diagrams of principal routes","Supports teaching, printing, and architecture-level orientation","Provides a versioned visual representation"
