Resource,Format and audience,Decision inputs,Breadth beyond introductory tests,Assumptions guidance,Software/data/code,Effect-size or reporting support,Languages,Main limitation relative to present tool
"Gaddis & Gaddis (1990)","Published static guidance; emergency medicine","Data structure and nonparametric comparison conditions",Limited,Partial,"No integrated workflow identified","No integrated support identified",English,"Narrow nonparametric scope"
"Windish & Diener-West (2006)","Article with checklists and appendix diagrams; clinician-educators","Question, design, groups, pairing, outcome type, distribution",Limited,Yes,"No integrated runnable workflow","Worked interpretation and reporting examples",English,"No interactive path, datasets, or jamovi/R bridge"
"Genser et al. (2007)","Published flowchart and table; applied immunologists","Objective, number/type of variables, assumptions, sample size",Broad,Yes,"Software discussed; no endpoint-linked workflow",Partial,English,"Broad but domain-specific and static"
"McCrum-Gardner (2008)","Short published clinical guide","Measurement scale, purpose, pairing",Limited,Partial,"No integrated workflow",Examples,English,"Limited multivariable and implementation support"
"Marusteri & Bacarea (2010)","Q&A tutorial with static algorithm","Groups, measurement, pairing, normality, tail direction","Group comparisons",Yes,"No integrated workflow",Partial,English,"Not a general tree for exploratory, predictive, latent, or synthesis methods"
"Parab & Bhalerao (2010)","Article with compact algorithms","Variable number/type, scale, pairing, distribution",Limited,Partial,"No integrated workflow","No systematic support",English,"Narrow and terminology-dependent"
"Normando et al. (2010; update described 2021)","Hyperlinked PowerPoint tutorial","Goal, normality, groups, correlation/regression, measurement error",Moderate,Yes,"Later version includes jamovi, BioEstat, and VassarStats","No systematic APA templates identified","Portuguese; English; Spanish","Presentation rather than searchable versioned web workflow"
"Gunawardena (2011)","Published static checklist; health research","Hypothesis, scale, dependence, number of measurements/groups",Limited,Partial,"No integrated workflow","No integrated support",English,"No executable examples or interactive trace"
"Bettany-Saltikov & Whittaker (2014)","Clinical/nursing tutorial with flowcharts and scenarios","Experimental/correlational aim, scale, conditions, repeated/independent",Moderate,Yes,"No integrated runnable workflow","Statistical versus clinical significance",English,"No software, dataset, or reporting handoff"
"Haq & Nazir (2016)","Published selection matrices; beginners","Question, two variable types, between/within design",Limited,Partial,"No integrated workflow","No integrated support",English,"Restricted scope and no implementation layer"
"Camargo & Gemperli (2018)","Basic diagrams in research-planning article","Groups, variable type, paired/independent",Limited,Partial,"No integrated workflow","Effect size in sample-size planning",English,"Diagrams cover only a small subset"
"Ranganathan (2021)","Short clinical overview and table","Aim, data type, pairing, groups, distribution",Moderate,Partial,"No integrated workflow",Partial,English,"Reference table rather than end-to-end workflow"
"Kim et al. (2024)","Comprehensive peer-reviewed static flowchart","Hypothesis, response/explanatory variables, dependence, distribution, expected counts",Broad,Yes,"No endpoint-linked software/data workflow","Effect estimates integrated in framework",English,"No interactive, multilingual, or execution bridge"
"University of Leeds (current)","University web page with static tree image","Difference/association, type, groups, pairing, parametric status",Limited,Partial,"Links to Statstutor","No integrated support",English,"Deliberately narrow"
"Statstutor (current)","57-page teaching guide and tables","Question, variable roles/types, pairing, groups, normality",Moderate,Yes,"SPSS-oriented teaching material",Partial,English,"Not a concise interactive selector or multilingual"
"University of Geneva (current)","Five-page laboratory guide and tree","Question, structure, assumptions, independence, tail choice",Limited,Yes,"No integrated workflow","Explicit effect-size and interpretation principles",English,"Compact and not procedure-specific"
"GraphPad/Motulsky (current web version of 1995 table)","Static matrix plus guide","Goal, data type/distribution, pairing, groups",Moderate,Yes,"Commercial-software adjacent","Reporting principles",English,"Not an interactive open jamovi/R workflow"
"Present Statistical Decision Tree","Interactive web application; students and applied researchers","Mode, aim, variable number/type, design, dependence, distribution, latent status, clustering, meta-analysis inputs",Broad,Yes,"Datasets, jamovi procedures/screenshots, R and R Markdown","Effect-size guidance and APA scaffold","English; German; French; Spanish; Italian","Beta; external review and formal usability evaluation remain"
