id,year,resource_type,resource,stable_source,reviewed_for_main_static_table,scope_or_reason
gaddis1990,1990,peer-reviewed article,"Gaddis & Gaddis: nonparametric test selection",https://doi.org/10.1016/S0196-0644(05)82571-5,Yes,"Historical static comparator; narrow nonparametric scope"
motulsky1995,1995,book-derived web table,"GraphPad/Motulsky: Choosing a statistical test",https://www.graphpad.com/support/faq/choosing-a-statistical-test/,Yes,"Static goal-by-data-type matrix with extensive explanatory text"
windish2006,2006,peer-reviewed article,"Windish & Diener-West: Clinician-educator roadmap",https://doi.org/10.1111/j.1525-1497.2006.00390.x,Yes,"Checklist and appendix diagrams with worked reporting examples"
genser2007,2007,peer-reviewed article,"Genser et al.: Immunological data analysis guide",https://doi.org/10.1186/1471-2172-8-27,Yes,"Static flowchart with unusually broad multivariate scope"
mccrum2008,2008,peer-reviewed article,"McCrum-Gardner: Which is the correct statistical test?",https://doi.org/10.1016/j.bjoms.2007.09.002,Yes,"Measurement scale, purpose, and pairing"
marusteri2010,2010,peer-reviewed article,"Marusteri & Bacarea: Comparing groups",https://doi.org/10.11613/BM.2010.004,Yes,"Detailed static decision tree for group comparisons"
parab2010,2010,peer-reviewed article,"Parab & Bhalerao: Choosing statistical test",https://doi.org/10.4103/0974-7788.72494,Yes,"Compact algorithms for categorical and continuous outcomes"
normando2010,2010,peer-reviewed article and PowerPoint,"Normando et al.: PowerPoint-based guide",https://doi.org/10.1590/S2176-94512010000100012,Yes,"Hyperlinked presentation; later version adds multivariate analyses, jamovi, and three languages"
duprel2010,2010,peer-reviewed article,"du Prel et al.: Choosing statistical tests",https://doi.org/10.3238/arztebl.2010.0343,No,"Closely overlaps Parab/Bhalerao content; retained as background source rather than duplicate main-table row"
gunawardena2011,2011,peer-reviewed article,"Gunawardena: Choosing the correct statistical test",https://doi.org/10.4038/sljch.v40i4.3838,Yes,"Static checklist for health research"
nayak2011,2011,peer-reviewed article,"Nayak & Hazra: How to choose the right statistical test?",https://doi.org/10.4103/0301-4738.77005,No,"Brief schematic source; content overlaps broader included guides"
bettany2014,2014,peer-reviewed article,"Bettany-Saltikov & Whittaker: Selecting an inferential test",https://doi.org/10.1111/jocn.12343,Yes,"Multiple clinical flowcharts and scenarios"
suner2014,2014,conference paper,"Suner et al.: Toward a web-based decision support tool",https://doi.org/10.3233/978-1-61499-432-9-48,No,"Development precursor to StatXFinder"
statxfinder2015,2015,peer-reviewed web-tool article,"Suner et al.: StatXFinder",https://doi.org/10.1186/s40064-015-1421-9,Context,"Prior review of ten trees and major interactive comparator"
haq2016,2016,peer-reviewed article,"Haq & Nazir: Simple guide for beginners",https://pmc.ncbi.nlm.nih.gov/articles/PMC4910310/,Yes,"Two static matrices for between- and within-subject designs"
camargo2018,2018,peer-reviewed article,"Camargo & Gemperli: Statistical planning steps",https://doi.org/10.1097/GOX.0000000000001718,Yes,"Basic diagrams embedded in research-planning guidance"
ranganathan2021,2021,peer-reviewed article,"Ranganathan: Choosing the correct statistical test",https://pmc.ncbi.nlm.nih.gov/articles/PMC8327789/,Yes,"Compact selection overview for clinical researchers"
normando2021,2021,peer-reviewed article,"Normando et al.: Biostatistics essential concepts",https://pmc.ncbi.nlm.nih.gov/articles/PMC8018753/,Background,"Documents updated multilingual PowerPoint and jamovi support"
leeds,current,university web resource,"University of Leeds: Find a test",https://library.leeds.ac.uk/info/14012/mathematics/212/statistical_tests/2,Yes,"Static decision-tree image plus short explanatory text"
statstutor,current,university consortium PDF,"Statstutor tutor quick guide",https://www.statstutor.ac.uk/resources/uploaded/tutorsquickguidetostatisticsprint2uppamphlet.pdf,Yes,"Selection tables plus assumptions and SPSS-oriented guidance"
geneva,current,university PDF,"University of Geneva: Jungle of statistical tests",https://www.unige.ch/medecine/phym/application/files/7617/7513/4326/PHYM_quick_guide_stat_tests.pdf,Yes,"Five-page quick guide, decision tree, and reporting cautions"
kim2024,2024,peer-reviewed article,"Kim et al.: Comprehensive statistical analysis guidelines",https://doi.org/10.4097/kja.24016,Yes,"Broad modern static flowchart with worked applications"
sage,current,publisher interactive tool,"SAGE Research Methods: Which Stats Test",https://study.sagepub.com/researchmethods/general-resources,Context,"Interactive selector with linked explanations and datasets"
ucla,current,university structured guide,"UCLA: What statistical analysis should I use?",https://stats.oarc.ucla.edu/spss/whatstat/what-statistical-analysis-should-i-usestatistical-analyses-using-spss/,Context,"Broad worked software guide rather than short static tree"
hci2023,current,open web tool,"HCI User Studies Toolkit statistical decision tree",https://hci-studies.org/statistical-decision-tree/,Context,"Domain-specific interactive tree with R/Python examples"
choosemystat2026,2026,preprint and open web tool,"ChooseMyStat",https://www.medrxiv.org/content/10.64898/2026.06.02.26354730v1.full,Context,"Recent clinical tool with JASP, R, and analysis-plan generation; not peer reviewed at search date"
fernuni,current,university web tool,"FernUni/FernUniversitat decision tree",https://etools.fernuni.ch/entscheidungsbaum/main.html,Context,"Direct design precedent; German/SPSS orientation"
